record_id,date_or_period,level,device_or_text,effect_on_dpe_or_stock,local_observation,status,notes
LAW-001,2020-12-17,national,"Décret n° 2020-1609 relatif au DPE et à l'affichage des consommations d'énergie","Prépare la nouvelle architecture réglementaire du DPE ; entrées en vigueur échelonnées en 2021 et 2022.","Le PSP Ardèche Habitat 2019-2028 avait déjà identifié un classement énergétique défavorable et 13 % de logements sans DPE.",ETABLI,"Ne pas déduire une causalité locale automatique du seul calendrier réglementaire."
LAW-002,2021-07-01,national,"Réforme du DPE — DPE opposable","Nouvelle méthode et opposabilité du DPE à compter du 1er juillet 2021.","ANCOLS indique qu'une campagne de DPE Ardèche Habitat est lancée en 2022 pour compléter les dossiers et prioriser les ensembles les moins performants.",ETABLI,"Relation temporelle et opérationnelle documentée ; la formulation ANCOLS indique l'objectif de satisfaire aux dernières dispositions réglementaires."
LAW-003,2021-08-22,national,"Loi Climat et Résilience","Renforce le rôle du DPE dans la rénovation et organise notamment le DPE collectif ainsi que le calendrier de décence énergétique.","La campagne 2022 doit alimenter un plan pluriannuel de travaux d'amélioration énergétique et reprioriser les interventions à partir de 2024.",ETABLI,"Cadre général ; ne pas attribuer chaque opération locale à une disposition unique."
LAW-004,2024-01-01,national,"DPE collectif — immeubles en monopropriété et copropriétés de plus de 200 lots","Obligation de DPE à l'échelle du bâtiment pour les immeubles collectifs concernés.","Le rapport ANCOLS indique que l'accord-cadre SC Amplitudes a permis à Ardèche Habitat de compléter ou actualiser l'ensemble des diagnostics immobiliers en 2023.",ETABLI,"État documentaire antérieur à l'échéance 2024."
LAW-005,2025-01-01,national,"Décence énergétique — classe G","Un logement classé G ne peut plus être loué dans les conditions prévues par la réglementation, y compris lors du renouvellement ou de la reconduction du bail.","Les patrimoines F/G d'Ardèche Habitat avaient, selon ANCOLS, fait l'objet de travaux ou étaient programmés à courte échéance.",ETABLI,"Observation ANCOLS portant sur la période auditée ; ne vaut pas inventaire 2025 exhaustif."
LAW-006,2025-01-01,national,"DPE collectif — copropriétés de 50 à 200 lots","Extension de l'obligation de DPE collectif aux copropriétés de 50 à 200 lots.","Marché de diagnostics 2026-2029 attribué fin 2025 pour la location/vente et l'entretien programmé du parc Ardèche Habitat.",ETABLI,"Concomitance documentaire ; ne pas présenter comme causalité exclusive."
LAW-007,2026-01-01,national,"DPE collectif — copropriétés d'au maximum 50 lots","Extension du DPE collectif aux copropriétés d'au maximum 50 lots.","Deux lots Ardèche Habitat du nouveau marché de diagnostics sont attribués à AC ENVIRONNEMENT avec des plafonds maximums publiés de 2 M€ et 4 M€.",ETABLI,"Plafonds contractuels, non dépenses réalisées."
LAW-008,2028,national,"Décence énergétique — classe F","À partir de 2028, la restriction de location s'étend aux logements classés F.","Échéance future structurante pour la programmation patrimoniale.",ETABLI,"Aucune conclusion sur l'état futur du parc n'est formulée."
LAW-009,2034,national,"Décence énergétique — classe E","À partir de 2034, la restriction de location s'étend aux logements classés E.","Échéance future structurante compte tenu de la part E publiée par ANCOLS pour la campagne 2022-2023.",ETABLI,"La distribution 2022-2023 ne doit pas être extrapolée à 2034."
