provider_id,canonical_name,published_name,siren,published_registration_number,awarded_siret,awarded_address,awarded_city,awarded_postal_code,current_legal_name,current_hq_siret,current_hq_address,current_hq_city,current_hq_postal_code,legal_form_current,identity_source_id,registry_source,registry_observed_at,identity_quality,status,notes
PRV-001,AVIPUR Ardèche / Haute-Loire,AVIPUR Ardèche / Haute-Loire,402340483,40234048300062,40234048300062,Chemin de Chamieux,Annonay,07100,AVIPUR Ardèche / Haute-Loire,40234048300062,Chemin de Chamieux,Annonay,07100,SAS,SRC-0016,RNE/INSEE,2026-09-17,TED_RNE_CONVERGENT,NORMALISE,Établissement attributaire et siège actuel convergents.
PRV-002,CAMEV SAS CHIEZE ESPACES VERTS,CAMEV SAS CHIEZE ESPACES VERTS,352772495,35277249500011,35277249500011,49 RN 86 ZI de Verlieu,Chavanay,42410,CAMEV SAS CHIEZE ESPACES VERTS,35277249500011,Verlieu RN 86,Chavanay,42410,SAS,SRC-0020,RNE/INSEE,2026-09-17,TED_RNE_CONVERGENT,NORMALISE,Libellé postal simplifié au registre ; même SIRET.
PRV-003,TERIDEAL TARVEL,SAS TERIDEAL,410344923,41034492300124,41034492300124,90 Rue André Citroën - CS 60009,Genas Cedex,69747,TERIDEAL TARVEL,41034492300488,13 Avenue Jeanne Garnerin,Wissous,91320,SAS,SRC-0020,RNE/INSEE,2026-09-17,TED_RNE_CONVERGENT,NORMALISE_ETABLISSEMENT_ATTRIBUTAIRE_DISTINCT_SIEGE,Le SIRET attributaire de Genas est distinct du siège actuel transféré à Wissous en 2026.
PRV-004,ASSOCIATION TREMPLIN INSERTION CHANTIER,ASSOCIATION TREMPLIN INSERTION CHANTIER,414001586,41400158600026,41400158600026,,Tournon-sur-Rhône,07300,ASSOCIATION TREMPLIN INSERTION CHANTIER,41400158600026,20 Chemin du Repos,Tournon-sur-Rhône,07300,Association loi 1901 ou assimilé,SRC-0020,RNE/INSEE,2026-09-17,TED_RNE_CONVERGENT,NORMALISE,L'avis TED publie la commune et le code postal sans rue.
PRV-005,SAVELYS,ENGIE HOME SERVICES - Direction Régionale Auvergne Rhône-Alpes,301340584,,30134058403818,Europarc - 9 Rue Pascal,Bron Cedex,69673,SAVELYS,30134058407439,Tour Egée - 9 Allée de l'Arche,Courbevoie,92400,SAS,SRC-0021,RNE/INSEE,2026-09-17,OJS_ADDRESS_RNE_CONVERGENT,NORMALISE_CHRONOLOGIE_DENOMINATION,L'avis OJS publie ENGIE HOME SERVICES à Bron sans SIRET ; le SIRET 30134058403818 correspond à cet établissement. La personne morale a pris la dénomination SAVELYS en juin 2026 ; siège actuel distinct à Courbevoie.
PRV-006,MOUNARD TP,MOUNARD TP,344031919,34403191900030,34403191900030,291 ZA Les Rivets,Boulieu-lès-Annonay,07100,MOUNARD TP,34403191900030,291 Rivet - Zone d'activités,Boulieu-lès-Annonay,07100,SARL,SRC-0022,RNE/INSEE,2026-09-17,TED_RNE_CONVERGENT,NORMALISE,Même établissement attributaire et siège actuel.
PRV-007,SAS MALOSSE,SAS MALOSSE,794111807,79411180700036,79411180700036,14 Rue Henri Rey,Valence,26000,MALOSSE,79411180700036,14 Rue Henri Rey - ZAC de Briffaut Est,Valence,26000,SAS,SRC-0022,RNE/INSEE,2026-09-17,TED_RNE_CONVERGENT,NORMALISE,Même SIRET ; le registre précise la zone d'activité.
PRV-008,SARL FACADES ARDECHOISES,SARL FACADES ARDECHOISES,433256237,43325623700028,43325623700028,78 Avenue Rhin et Danube,Annonay,07100,FACADES ARDECHOISES,43325623700028,78 Avenue Rhin et Danube,Annonay,07100,SARL,SRC-0022,RNE/INSEE,2026-09-17,TED_RNE_CONVERGENT,NORMALISE,Même établissement attributaire et siège actuel.
PRV-009,SAS BERNARD ET FILS,SAS BERNARD ET FILS,334147154,33414715400010,33414715400010,55 Chemin de Lachaux,Saint-Victor,07410,BERNARD ET FILS,33414715400010,1795 Route de Tournon,Saint-Victor,07410,SAS,SRC-0022,RNE/INSEE,2026-09-17,TED_RNE_SAME_SIRET_ADDRESS_EVOLUTION,NORMALISE_ADRESSE_ACTUALISEE,Même SIRET ; adresse publiée au marché et adresse actuelle du siège conservées séparément.
PRV-010,SAS SOBRABO,SAS SOBRABO,300475001,30047500100024,30047500100024,45 Rue Gilles de Roberval,Valence,26000,SOBRABO,30047500100024,45 Rue Gilles de Roberval - ZI Briffaut Ouest,Valence,26000,SAS,SRC-0022,RNE/INSEE,2026-09-17,TED_RNE_CONVERGENT,NORMALISE,Même SIRET ; le registre précise la zone industrielle.
PRV-011,LUC ESCHARAVIL,SA LUC ESCHARAVIL,333427987,33342798700016,33342798700016,165 Avenue Jean Escharavil,Privas,07000,LUC ESCHARAVIL,33342798700016,165 Avenue Jean Escharavil,Privas,07000,SAS,SRC-0022,RNE/INSEE,2026-09-17,TED_RNE_CONVERGENT_FORM_EVOLUTION,NORMALISE_FORME_JURIDIQUE_EVOLUEE,L'avis 2025 publie la forme SA ; transformation en SAS enregistrée en 2025. Même SIREN/SIRET et adresse.
PRV-012,SAS DELORME BATTANDIER,SAS DELORME BATTANDIER,335920302,33592030200023,33592030200023,16 Rue Léon Blum,Annonay,07100,DELORME BATTANDIER,33592030200023,16 Rue Léon Blum,Annonay,07100,SAS,SRC-0022,RNE/INSEE,2026-09-17,TED_RNE_CONVERGENT,NORMALISE,Même établissement attributaire et siège actuel.
PRV-013,SARL VALETTE R.SERRURERIE METALLERIE,SARL VALETTE R.SERRURERIE METALLERIE,510637739,51063773900010,51063773900010,26 Avenue Jean Jaurès,Tain-l'Hermitage,26600,VALETTE R. SERRURERIE METALLERIE,51063773900010,26 Avenue Jean Jaurès,Tain-l'Hermitage,26600,SARL,SRC-0022,RNE/INSEE,2026-09-17,TED_RNE_CONVERGENT,NORMALISE,Même établissement attributaire et siège actuel.
PRV-014,SAS FEA,SAS FEA,441100104,44110010400039,44110010400039,148 Rue Antoine Emery - BP 13,Pontcharra,38530,FEA,44110010400039,148 Rue Antoine Emery,Pontcharra,38530,SAS,SRC-0022,RNE/INSEE,2026-09-17,TED_RNE_CONVERGENT,NORMALISE,Même établissement attributaire et siège actuel.
PRV-015,MENUISERIE CHINAPPI,SARL MENUISERIE CHINAPPI,412528283,41552828300036,41252828300036,5 Rue d'Athènes,Sète,34200,MENUISERIE CHINAPPI,41252828300036,Parc Aquatechnique - 5 Rue d'Athènes,Sète,34200,SARL,SRC-0022,RNE/INSEE + RNE/Annuaire des entreprises,2026-09-17,TED_RNE_DIVERGENT_IDENTIFIANT,DIVERGENT_IDENTIFIANT_SOURCE_REGISTRE,TED publie 41552828300036 ; le registre officiel établit SIREN 412528283 et SIRET 41252828300036 à la même adresse. Le numéro TED brut est conservé séparément.
PRV-016,SAS CREATION BATIMENT CINDO,SAS CREATION BATIMENT CINDO,494832413,49483241300038,49483241300038,17 Rue Edouard Martel,Saint-Étienne,42100,CREATION BATIMENT CINDO,49483241300038,17 Rue Edouard Martel,Saint-Étienne,42100,SAS,SRC-0022,RNE/INSEE,2026-09-17,TED_RNE_CONVERGENT,NORMALISE,Même établissement attributaire et siège actuel.
PRV-017,MCC CARRELAGE,EURL MCC CARRELAGE,830490587,83049058700011,83049058700011,21 Rue de Bon Repos,Saint-Rambert-d'Albon,26140,MCC CARRELAGE,83049058700029,2 Allée de Cachepiou,Saint-Rambert-d'Albon,26140,SARL,SRC-0022,RNE/INSEE,2026-09-17,TED_RNE_CONVERGENT_HQ_CHANGED,NORMALISE_ETABLISSEMENT_ATTRIBUTAIRE_DISTINCT_SIEGE,Le SIRET attributaire 00011 est conservé ; le siège actuel est l'établissement 00029.
PRV-018,SAS MAZET DENIS,SAS MAZET DENIS,323886739,32388673900016,32388673900016,81 Allée de Beauregard,Annonay,07100,MAZET DENIS,32388673900016,83 Allée de Beauregard,Annonay,07100,SAS,SRC-0022,RNE/INSEE,2026-09-17,TED_RNE_SAME_SIRET_ADDRESS_EVOLUTION,NORMALISE_ADRESSE_ACTUALISEE,Même SIRET ; l'adresse TED (81) et l'adresse actuelle du registre (83) sont conservées séparément.
PRV-019,SAS ETS LAPIZE DE SALLEE,SAS ETS LAPIZE DE SALLEE,335620324,33562032400053,33562032400053,42 RD 821 Lieu-dit Charameille,Davézieux,07430,ETS LAPIZE DE SALLEE,33562032400053,42 Route départementale 821 - Lieu-dit Les Charameilles,Davézieux,07430,SAS,SRC-0022,RNE/INSEE,2026-09-17,TED_RNE_CONVERGENT,NORMALISE,Même SIRET ; variation de libellé du lieu-dit.
PRV-020,SAS SANIPAC,SAS SANIPAC,320888324,32088832400045,32088832400045,8 Rue des Sources,Annonay,07100,SANIPAC,32088832400045,8 Rue des Sources,Annonay,07100,SAS,SRC-0022,RNE/INSEE,2026-09-17,TED_RNE_CONVERGENT,NORMALISE,Même établissement attributaire et siège actuel ; un autre établissement existe à Davézieux sans modifier l'identité attributaire.
PRV-021,SAS ORONA,SAS ORONA,430243857,43024385700116,43024385700116,52 Avenue Jean Jaurès,Oullins,69600,ORONA,43024385700116,52 Avenue Jean Jaurès - Le Parc des Saules,Oullins-Pierre-Bénite,69600,SAS,SRC-0022,RNE/INSEE,2026-09-17,TED_RNE_CONVERGENT_COMMUNE_EVOLUTION,NORMALISE,Même SIRET ; commune actuelle Oullins-Pierre-Bénite, avis TED publié sous Oullins.
PRV-022,ENTREPRISE SAVEL BERNARD ET FILS,SARL Savel Bernard et Fils,398479899,,39847989900013,730 Chemin des Chaumettes,Arlebosc,07410,ENTREPRISE SAVEL BERNARD ET FILS,39847989900013,730 Route des Chaumettes,Arlebosc,07410,SARL,SRC-0013,RNE/INSEE,2026-09-17,BOAMP_RNE_ADDRESS_MATCH,NORMALISE,Identité historique BOAMP fermée par concordance du nom et de l'adresse d'Arlebosc avec le SIREN/SIRET du registre.
PRV-023,REYNOUARD TP,SARL REYNOUARD Frères,402529143,,40252914300016,Champrenard,Labeaume,07120,REYNOUARD TP,40252914300016,1428 Route de Chapias - Lieu-dit Champrenard,Labeaume,07120,SARL,SRC-0014,RNE/INSEE + BODACC,2026-09-17,BOAMP_BODACC_RNE_CONVERGENT,NORMALISE_CHRONOLOGIE_DENOMINATION,Le titulaire BOAMP REYNOUARD Frères correspond au SIREN 402529143 ; la dénomination actuelle est REYNOUARD TP. Même SIRET de siège.
PRV-024,E H C EL HARRAS CONSTRUCTION,SAS EHC,490847423,,49084742300012,58 Boulevard Peschaire Alizon,Vallon-Pont-d'Arc,07150,E H C EL HARRAS CONSTRUCTION,49084742300012,58 Boulevard Peschaire Alizon,Vallon-Pont-d'Arc,07150,SAS,SRC-0014,RNE/INSEE + BODACC,2026-09-17,BOAMP_BODACC_RNE_ADDRESS_MATCH,NORMALISE,Identité historique EHC fermée par adresse exacte, SIREN 490847423 et continuité juridique de la SAS.
PRV-025,MOMMEE Bernard,Entreprise Mommée Bernard,386512941,,38651294100041,ZI Le Lac - 31 Avenue Marc Seguin,Privas,07000,MOMMEE Bernard,,,,,Entrepreneur individuel / personne physique,SRC-0015,BODACC + TED 130631-2026,2026-09-17,BOAMP_BODACC_TED_CONVERGENT,NORMALISE_SIRET_HISTORIQUE_CURRENT_STATUS_INDETERMINE,BOAMP 2016 et BODACC rattachent Bernard Mommée au SIREN 386512941 à Privas ; TED 130631-2026 publie le SIRET 38651294100041 à la même adresse. Le statut courant du siège après 2026 n'est pas déduit ici.
