claim_id,claim_text,scope,period,source_ids,evidence_type,epistemic_status,declared_or_observed,last_reviewed,notes
CLM-0001,Le projet distingue statut juridique modèle économique finalité sociale et pratique observée,project,1948-2026,,method,ETABLI,method,2026-09-16,Principe méthodologique interne
CLM-0002,"Ardèche Habitat publie une action d'éco-pâturage de 15 chèvres pour 7 000 m² avec bilan technique financier et sociétal annoncé",Ardèche Habitat,non précisé,SRC-0038,institutional-self-description,ETABLI,declared,2026-10-08,"Établit la déclaration et l'action publiée ; ne documente pas un gain énergétique"
CLM-0003,"Aucun objectif chiffré propre à Ardèche Habitat en kWh DPE tCO2e pourcentage de baisse ou budget énergétique n'a été identifié dans le corpus direct examiné",Ardèche Habitat,corpus examiné au 2026-10-08,SRC-0001|SRC-0038,corpus-review,INDÉTERMINÉ,observed-corpus,2026-10-08,"Absence dans le corpus examiné ≠ inexistence du document ou de la donnée"
CLM-0004,"SC Amplitudes déclare une démarche Énergie-climat un PSP décarbonation et la sélection de Cellance et WeCount en mai 2024 dans Promotion Climat",SC Amplitudes,2023-2024,SRC-0039,institutional-self-description,ETABLI,declared,2026-10-08,"Déclaration institutionnelle ; résultat opérationnel distinct"
CLM-0005,"SC Amplitudes décrit six périmètres de comptabilité carbone : cinq organismes et une agrégation au niveau de la société de coordination",SC Amplitudes,2024,SRC-0039,institutional-self-description,ETABLI,declared,2026-10-08,"Architecture de suivi déclarée"
CLM-0006,"SC Amplitudes déclare que chaque organisme a réalisé son Bilan Carbone et défini une trajectoire de réduction des émissions à 10 ans",SC Amplitudes et cinq organismes membres,2024,SRC-0040,institutional-self-description,ETABLI,declared,2026-10-08,"Ardèche Habitat est membre du collectif ; la valeur de son bilan et de sa trajectoire n'est pas fournie dans les passages examinés"
CLM-0007,"SC Amplitudes publie pour 2025 24 k€ pour Cellance et 7 k€ pour WeCount dans la poursuite de Promotion climat et l'actualisation des bilans et trajectoires",SC Amplitudes,2025,SRC-0041,institutional-self-description,ETABLI,declared,2026-10-08,"Prestations de programme et plateforme ; ne pas qualifier ces montants de budget de travaux"
CLM-0008,"SC Amplitudes déclare des besoins d'investissement élevés pour la réhabilitation du patrimoine la transition énergétique et l'adaptation au changement climatique",SC Amplitudes et organismes membres,2025,SRC-0041,institutional-self-description,ETABLI,declared,2026-10-08,"Aucun montant global de travaux énergie attribuable à ce passage"
CLM-0009,"Selon SC Amplitudes l'existence d'un Bilan Carbone et d'une trajectoire décennale pour Ardèche Habitat est déclarée mais leurs valeurs propres ne sont pas identifiées dans le corpus examiné",Ardèche Habitat via déclaration SC Amplitudes,2024-2026,SRC-0040|SRC-0041,derived-from-explicit-collective-statement,INDÉTERMINÉ,declared-plus-corpus-limit,2026-10-08,"Existence déclarée d'un indicateur ≠ valeur publiée ≠ résultat atteint"
