actor,document_type,internal_digital_evidence,tenant_delivery_channel,digital_available,paper_available,economic_data,environmental_data,evidence_status,scope,year,source,limitations
SC Amplitudes,Tenant Microsoft 365,documented,not_applicable,not_applicable,not_applicable,"2024 migration 137 kEUR; licences 38.7 kEUR","not_document_specific",DOCUMENTE,collective_structure,2024,"SC Amplitudes comptes sociaux 2024","No tenant documentary service inferred"
SC Amplitudes,SIRH SIGMA,documented,not_applicable,not_applicable,not_applicable,"2025 central purchasing 241 kEUR; SIGMA 13 kEUR","not_document_specific",DOCUMENTE,collective_structure,2025,"SC Amplitudes comptes sociaux 2025","No tenant documentary service inferred"
SC Amplitudes,RSSI cybersécurité,documented,not_applicable,not_applicable,not_applicable,"2024 audit 7 kEUR; 2025 RSSI/cyber 11 kEUR","not_document_specific",DOCUMENTE,collective_structure,2024-2025,"SC Amplitudes comptes sociaux 2024-2025","No tenant documentary service inferred"
Ardèche Habitat,Paiement du loyer,not_exposed,online_payment,yes,unknown,"not_published_in_examined_corpus","not_published_in_examined_corpus",DOCUMENTE,tenant_service,2026,"https://www.ardechehabitat.fr/component/content/category/83-infos-pratiques.html","Payment service does not establish documentary portal"
Ardèche Habitat,Avis d'échéance,unknown,not_identified,not_identified,unknown,"not_published_in_examined_corpus","not_published_in_examined_corpus",NON_IDENTIFIE,tenant_document,2026,"Ardèche Habitat official corpus examined","Absence in corpus is not proof of inexistence"
Ardèche Habitat,Quittance,conservation_policy_mentions_document,not_identified,not_identified,unknown,"not_published_in_examined_corpus","not_published_in_examined_corpus",PARTIEL,tenant_document,2026,"https://www.ardechehabitat.fr/liste-des-actualites/166-mentions-legales.html","Conservation mention does not establish digital delivery"
Ardèche Habitat,Relevé ou compte locatif,unknown,not_identified,not_identified,unknown,"not_published_in_examined_corpus","not_published_in_examined_corpus",NON_IDENTIFIE,tenant_document,2026,"Ardèche Habitat official corpus examined","No public digital-delivery procedure identified"
Ardèche Habitat,Grand livre ou extrait locataire,unknown,not_identified,not_identified,unknown,"not_published_in_examined_corpus","not_published_in_examined_corpus",NON_IDENTIFIE,tenant_document,2026,"Ardèche Habitat official corpus examined","No public digital-delivery procedure identified"
SC Amplitudes,Promotion Climat,not_applicable,not_applicable,not_applicable,not_applicable,"2025 Cellance 24 kEUR; WeCount 7 kEUR","carbon governance documented; tenant-paper footprint not published",DOCUMENTE,collective_climate,2025,"SC Amplitudes comptes sociaux 2025","No paper-document carbon footprint attributed"
